long,long,long,long,long,long,long,long,long,None,None,None,None,long,None,None,long,None,None,long,None
24,41,0,0,11094,13043,0,0,0,,,,,0,,,0,,,0,
26,41,0,1,11069,12338,12339,12340,12341,,,,,0,,,0,,,0,
27,41,0,2,11078,11080,12342,12343,0,,,,,0,,,0,,,0,
29,41,0,3,11366,0,0,0,0,,,,,27,,,3,,,1,
28,41,1,0,11100,12353,0,0,0,,,,,0,,,0,,,0,
23,41,1,1,11083,12351,12352,0,0,,,,,0,,,0,,,0,
30,41,1,2,11103,12357,12358,12359,12360,,,,,27,,,3,,,0,
33,41,2,0,11115,11367,11368,11369,11370,,,,,0,,,0,,,0,
32,41,2,1,11113,0,0,0,0,,,,,0,,,0,,,1,
1141,41,2,3,18459,18460,34277,0,0,,,,,0,,,0,,,0,
31,41,3,1,33897,33898,0,0,0,,,,,0,,,0,,,0,
1639,41,3,3,33905,33906,33907,34271,34272,,,,,0,,,0,,,0,
1764,41,4,0,33900,0,0,0,0,,,,,33,,,4,,,1,
1765,41,4,1,33901,33902,33903,0,0,,,,,0,,,0,,,0,
1766,41,4,2,34125,0,0,0,0,,,,,32,,,0,,,1,
25,41,4,3,11095,12872,12873,0,0,,,,,0,,,0,,,0,
34,41,5,0,11119,11120,12846,12847,12848,,,,,0,,,0,,,0,
35,41,5,2,11124,12378,12398,12399,12400,,,,,0,,,0,,,0,
1767,41,5,3,33909,33910,0,0,0,,,,,0,,,0,,,0,
36,41,6,1,11129,0,0,0,0,,,,,1765,,,2,,,1,
70,61,0,0,11189,28332,0,0,0,,,,,0,,,0,,,0,
37,61,0,1,11070,12473,16763,16765,16766,,,,,0,,,0,,,0,
65,61,0,2,11175,12569,12571,0,0,,,,,0,,,0,,,0,
1768,61,1,0,33911,33912,33913,0,0,,,,,0,,,0,,,0,
38,61,1,1,11071,12496,12497,0,0,,,,,0,,,0,,,0,
62,61,1,2,11165,12475,0,0,0,,,,,0,,,0,,,0,
64,61,1,3,11190,12489,12490,0,0,,,,,0,,,0,,,0,
72,61,2,0,11958,0,0,0,0,,,,,1768,,,2,,,1,
741,61,2,1,16757,16758,0,0,0,,,,,0,,,0,,,0,
66,61,2,3,11160,12518,12519,34239,34240,,,,,0,,,0,,,0,
73,61,3,1,11207,12672,15047,15052,15053,,,,,0,,,0,,,0,
67,61,3,2,11170,12982,12983,0,0,,,,,62,,,1,,,0,
63,61,3,3,11185,12487,0,0,0,,,,,0,,,0,,,0,
1769,61,4,0,34241,0,0,0,0,,,,,72,,,0,,,1,
69,61,4,1,35714,0,0,0,0,,,,,73,,,4,,,1,
1779,61,4,2,34256,34257,34258,34259,34260,,,,,0,,,0,,,0,
61,61,5,1,33919,33920,33921,33922,33923,,,,,0,,,0,,,0,
68,61,5,2,11180,28592,28593,28594,28595,,,,,0,,,0,,,0,
71,61,6,1,11426,0,0,0,0,,,,,0,,,0,,,1,
1649,61,6,2,33924,33925,0,0,0,,,,,71,,,0,,,0,
78,81,0,0,6057,6085,0,0,0,,,,,0,,,0,,,0,
76,81,0,1,11222,12839,12840,12841,12842,,,,,0,,,0,,,0,
83,81,0,2,29438,29439,29440,0,0,,,,,0,,,0,,,0,
74,81,0,3,11210,12592,0,0,0,,,,,0,,,0,,,0,
82,81,1,0,11247,12606,0,0,0,,,,,0,,,0,,,0,
1650,81,1,1,29441,29444,29445,29446,29447,,,,,0,,,0,,,0,
1760,81,1,2,29074,29075,29076,0,0,,,,,83,,,2,,,0,
85,81,2,0,33869,33870,33871,0,0,,,,,0,,,0,,,0,
75,81,2,1,11213,12574,12575,12576,12577,,,,,0,,,0,,,0,
81,81,2,2,33872,0,0,0,0,,,,,1760,,,2,,,1,
88,81,3,0,11255,12598,0,0,0,,,,,0,,,0,,,0,
421,81,3,1,15058,15059,15060,16773,16774,,,,,0,,,0,,,0,
1142,81,3,2,18462,18463,18464,0,0,,,,,0,,,0,,,0,
87,81,4,1,12042,0,0,0,0,,,,,421,,,4,,,1,
80,81,4,2,33881,33882,0,0,0,,,,,87,,,0,,,0,
77,81,4,3,11232,12500,12501,12502,12503,,,,,1142,,,2,,,0,
1761,81,5,0,33883,33884,33885,33886,33887,,,,,0,,,0,,,0,
1762,81,5,1,33888,33889,0,0,0,,,,,87,,,0,,,0,
1763,81,5,2,33890,33891,33892,33893,33894,,,,,0,,,0,,,0,
86,81,6,1,34091,0,0,0,0,,,,,0,,,0,,,1,
124,161,0,0,12282,12663,12664,34497,34498,,,,,0,,,0,,,0,
641,161,0,1,12295,12676,12677,0,0,,,,,0,,,0,,,0,
130,161,0,2,16462,16463,0,0,0,,,,,0,,,0,,,0,
126,161,1,0,12285,12697,34312,0,0,,,,,0,,,0,,,0,
131,161,1,2,12290,12963,0,0,0,,,,,130,,,1,,,0,
128,161,1,3,12287,12665,12666,0,0,,,,,0,,,0,,,0,
129,161,2,0,33393,33394,33395,0,0,,,,,0,,,0,,,0,
137,161,2,1,12296,0,0,0,0,,,,,641,,,2,,,1,
662,161,2,3,16493,16494,0,0,0,,,,,0,,,0,,,0,
121,161,3,3,12834,12849,12867,0,0,,,,,662,,,1,,,0,
132,161,3,2,35816,35817,0,0,0,,,,,0,,,0,,,0,
125,161,3,1,35801,35802,35803,35804,35805,,,,,0,,,0,,,0,
123,161,2,2,12286,12658,0,0,0,,,,,0,,,0,,,0,
133,161,4,1,12292,0,0,0,0,,,,,0,,,0,,,1,
136,161,4,2,12163,12711,12712,12713,12714,,,,,0,,,0,,,0,
122,161,4,3,33406,33407,33408,0,0,,,,,121,,,2,,,0,
134,161,5,0,33396,33397,33398,33399,33400,,,,,0,,,0,,,0,
120,161,5,2,33401,33402,33403,33404,33405,,,,,0,,,0,,,0,
135,161,6,1,12294,0,0,0,0,,,,,133,,,0,,,1,
127,161,6,2,33984,33985,0,0,0,,,,,135,,,0,,,0,
142,163,0,0,12301,12818,0,0,0,,,,,0,,,0,,,0,
140,163,0,1,12299,12761,12762,12763,12764,,,,,0,,,0,,,0,
138,163,0,2,12297,12750,12751,0,0,,,,,0,,,0,,,0,
1601,163,1,1,12298,12724,12725,12726,12727,,,,,0,,,0,,,0,
149,163,3,1,12311,12958,0,0,0,,,,,145,,,1,,,0,
147,163,1,3,12797,12799,0,0,0,,,,,0,,,0,,,0,
153,163,2,0,12975,0,0,0,0,,,,,0,,,0,,,1,
145,163,2,1,12945,12307,0,0,0,,,,,1601,,,4,,,0,
151,163,3,0,33419,33420,33421,0,0,,,,,0,,,0,,,0,
152,163,2,3,12809,0,0,0,0,,,,,0,,,0,,,1,
143,163,1,2,12302,12765,0,0,0,,,,,0,,,0,,,0,
141,163,3,3,12300,12959,12960,0,0,,,,,0,,,0,,,0,
702,163,3,2,16538,16539,16540,16541,16542,,,,,0,,,0,,,0,
144,163,2,2,12303,12788,12789,12791,12792,,,,,0,,,0,,,0,
148,163,4,0,33436,0,0,0,0,,,,,0,,,0,,,1,
146,163,4,1,33423,33424,33425,0,0,,,,,0,,,0,,,0,
150,163,4,3,12312,12803,0,0,0,,,,,0,,,0,,,0,
1602,163,5,0,33426,33427,33428,33429,33430,,,,,0,,,0,,,0,
1603,163,5,2,33431,33432,33433,33434,33435,,,,,702,,,4,,,0,
1604,163,6,1,34127,0,0,0,0,,,,,146,,,2,,,1,
170,164,0,0,33988,33989,33990,0,0,,,,,0,,,0,,,0,
158,164,0,1,12321,12835,0,0,0,,,,,0,,,0,,,0,
157,164,0,2,12320,12852,12853,12855,12856,,,,,0,,,0,,,0,
161,164,1,0,12324,12876,12877,12878,12879,,,,,0,,,0,,,0,
159,164,1,2,12322,12999,13000,13001,13002,,,,,0,,,0,,,0,
166,164,3,0,12329,12950,0,0,0,,,,,0,,,0,,,0,
160,164,2,1,12323,0,0,0,0,,,,,158,,,1,,,1,
661,164,2,2,16487,16489,16492,0,0,,,,,0,,,0,,,0,
154,164,5,3,12318,12857,0,0,0,,,,,0,,,0,,,0,
1581,164,2,0,13705,13832,13843,13844,13845,,,,,0,,,0,,,0,
1542,164,3,1,20502,20503,0,0,0,,,,,0,,,0,,,0,
155,164,3,2,12317,13045,13046,13047,13048,,,,,0,,,0,,,0,
162,164,3,3,12862,12330,20497,0,0,,,,,0,,,0,,,0,
1541,164,4,0,34012,34013,0,0,0,,,,,0,,,0,,,0,
165,164,4,1,12328,0,0,0,0,,,,,0,,,0,,,1,
1543,164,4,3,20504,20505,0,0,0,,,,,0,,,0,,,0,
156,164,5,0,12319,12971,12972,12973,12974,,,,,0,,,0,,,0,
169,164,5,2,33409,33410,33411,33412,33413,,,,,155,,,4,,,0,
167,164,6,1,23881,0,0,0,0,,,,,165,,,0,,,1,
168,164,6,2,33986,33987,0,0,0,,,,,167,,,0,,,0,
203,181,0,0,13741,13793,13792,0,0,,,,,0,,,0,,,0,
201,181,0,1,13732,13863,0,0,0,,,,,0,,,0,,,0,
186,181,0,2,13712,13788,13789,13790,13791,,,,,0,,,0,,,0,
202,181,1,0,13733,13865,13866,0,0,,,,,0,,,0,,,0,
187,181,1,1,13713,13853,0,0,0,,,,,0,,,0,,,0,
181,181,1,2,13705,13832,13843,13844,13845,,,,,0,,,0,,,0,
222,181,1,3,13743,13875,0,0,0,,,,,0,,,0,,,0,
206,181,2,0,13754,13867,0,0,0,,,,,0,,,0,,,0,
301,181,2,1,14251,0,0,0,0,,,,,187,,,1,,,1,
221,181,2,2,13715,13848,13849,13851,13852,,,,,181,,,4,,,0,
182,181,2,3,13710,13859,0,0,0,,,,,0,,,0,,,0,
183,181,3,1,33710,33711,33712,33713,33714,,,,,0,,,0,,,0,
184,181,4,0,35830,35832,0,0,0,,,,,183,,,4,,,0,
242,181,3,2,35806,35807,35808,35809,35810,,,,,0,,,0,,,0,
223,181,4,1,13877,0,0,0,0,,,,,0,,,0,,,1,
204,181,4,2,13742,13872,0,0,0,,,,,0,,,0,,,0,
1732,181,5,0,33715,33716,33717,33718,33719,,,,,0,,,0,,,0,
1703,181,5,1,30919,30920,0,0,0,,,,,223,,,0,,,0,
1122,181,5,2,18427,18428,18429,33721,33722,,,,,0,,,0,,,0,
205,181,6,1,13750,0,0,0,0,,,,,0,,,0,,,1,
276,182,0,0,14162,14163,14164,0,0,,,,,0,,,0,,,0,
272,182,0,1,14144,14148,0,0,0,,,,,0,,,0,,,0,
270,182,0,2,14138,14139,14140,14141,14142,,,,,0,,,0,,,0,
273,182,1,0,14156,14160,14161,0,0,,,,,0,,,0,,,0,
274,182,1,1,33687,33688,0,0,0,,,,,0,,,0,,,0,
277,182,1,3,14165,14166,0,0,0,,,,,0,,,0,,,0,
281,182,2,0,14179,0,0,0,0,,,,,0,,,0,,,1,
269,182,2,2,14128,14132,14135,0,0,,,,,270,,,4,,,0,
268,182,2,3,14113,14114,14115,14116,14117,,,,,0,,,0,,,0,
682,182,5,0,16513,16514,16515,16719,16720,,,,,0,,,0,,,0,
1729,182,3,1,33694,33695,0,0,0,,,,,274,,,1,,,0,
1727,182,3,2,33689,33690,33691,0,0,,,,,0,,,0,,,0,
1728,182,3,3,33692,33693,0,0,0,,,,,0,,,0,,,0,
280,182,4,1,14177,0,0,0,0,,,,,0,,,0,,,1,
279,182,4,2,14174,14175,14176,0,0,,,,,0,,,0,,,0,
1730,182,4,3,33698,33699,0,0,0,,,,,279,,,2,,,0,
283,182,3,0,14186,14190,14193,14194,14195,,,,,0,,,0,,,0,
278,182,5,1,33701,33702,0,0,0,,,,,280,,,0,,,0,
1731,182,5,2,33703,33704,33705,33706,33707,,,,,0,,,0,,,0,
382,182,6,1,14983,0,0,0,0,,,,,0,,,0,,,0,
262,183,0,0,14076,14094,14095,0,0,,,,,0,,,0,,,0,
241,183,0,1,13958,13970,0,0,0,,,,,0,,,0,,,0,
261,183,0,2,14057,14072,14073,14074,14075,,,,,0,,,0,,,0,
245,183,1,0,13976,13979,13980,0,0,,,,,0,,,0,,,0,
1700,183,1,1,30892,30893,34279,0,0,,,,,0,,,0,,,0,
1733,183,1,3,33723,33724,0,0,0,,,,,0,,,0,,,0,
246,183,2,0,13983,14070,14071,0,0,,,,,0,,,0,,,0,
244,183,2,1,13975,0,0,0,0,,,,,0,,,0,,,0,
263,183,2,2,14079,14080,14081,0,0,,,,,261,,,4,,,0,
303,183,2,3,35398,35399,35400,35401,35402,,,,,0,,,0,,,0,
1701,183,3,0,30894,30895,0,0,0,,,,,0,,,0,,,0,
247,183,3,1,13981,14066,0,0,0,,,,,0,,,0,,,0,
1123,183,3,2,14171,14172,14173,0,0,,,,,0,,,0,,,0,
284,183,4,1,33725,0,0,0,0,,,,,0,,,0,,,1,
265,183,4,2,14082,14083,34311,0,0,,,,,0,,,0,,,0,
681,183,4,3,16511,0,0,0,0,,,,,0,,,0,,,1,
1734,183,5,0,33726,33727,33728,33729,33730,,,,,0,,,0,,,0,
1702,183,5,2,30902,30903,30904,30905,30906,,,,,0,,,0,,,0,
381,183,6,1,33993,33994,33995,0,0,,,,,284,,,0,,,0,
1735,183,6,2,14185,0,0,0,0,,,,,0,,,0,,,1,
352,201,0,0,14523,14784,14785,0,0,,,,,0,,,0,,,0,
342,201,0,1,14522,14788,14789,14790,14791,,,,,0,,,0,,,0,
345,201,0,2,14524,14525,0,0,0,,,,,0,,,0,,,0,
1747,201,2,0,33800,33801,0,0,0,,,,,0,,,0,,,0,
346,201,1,2,14747,14770,14771,0,0,,,,,0,,,0,,,0,
1748,201,1,1,33802,33803,33804,0,0,,,,,0,,,0,,,0,
321,201,1,3,14531,14774,0,0,0,,,,,0,,,0,,,0,
344,201,1,0,14749,14767,0,0,0,,,,,0,,,0,,,0,
348,201,2,2,14751,0,0,0,0,,,,,346,,,2,,,1,
347,201,3,3,14521,14776,14777,0,0,,,,,0,,,0,,,0,
1749,201,2,3,14529,0,0,0,0,,,,,321,,,1,,,1,
350,201,3,0,14750,14772,0,0,0,,,,,0,,,0,,,0,
1201,201,2,1,18551,18552,18553,18554,18555,,,,,0,,,0,,,0,
341,201,3,2,14520,14780,14781,0,0,,,,,0,,,0,,,0,
343,201,4,0,14748,14768,14769,0,0,,,,,0,,,0,,,0,
351,201,4,2,33808,0,0,0,0,,,,,0,,,0,,,1,
1751,201,4,3,33817,33818,33819,0,0,,,,,0,,,0,,,0,
1750,201,5,0,33812,33813,33814,33815,33816,,,,,0,,,0,,,0,
1202,201,5,2,18544,18547,18548,18549,18550,,,,,0,,,0,,,0,
322,201,6,1,10060,0,0,0,0,,,,,1201,,,4,,,1,
410,202,0,0,14913,15012,0,0,0,,,,,0,,,0,,,0,
406,202,0,1,14908,15020,17191,0,0,,,,,0,,,0,,,0,
411,202,0,2,27900,27901,27902,27903,27904,,,,,0,,,0,,,0,
1752,202,1,0,33834,33835,0,0,0,,,,,0,,,0,,,0,
1753,202,1,1,33836,33837,0,0,0,,,,,0,,,0,,,0,
1181,202,1,2,18530,18531,18533,18534,18535,,,,,0,,,0,,,0,
1636,202,1,3,27811,27815,27816,0,0,,,,,0,,,0,,,0,
442,202,2,0,15237,0,0,0,0,,,,,0,,,0,,,1,
401,202,2,1,14889,15008,15009,15010,15011,,,,,0,,,0,,,0,
408,202,2,3,14912,15013,15014,0,0,,,,,0,,,0,,,0,
1635,202,3,0,27789,27790,0,0,0,,,,,0,,,0,,,0,
1754,202,3,1,33838,33839,0,0,0,,,,,401,,,4,,,0,
403,202,3,2,14909,15017,35394,35395,35396,,,,,1181,,,4,,,0,
402,202,3,3,14901,15028,0,0,0,,,,,0,,,0,,,0,
413,202,4,0,14911,15018,0,0,0,,,,,0,,,0,,,0,
1637,202,6,1,35754,0,0,0,0,,,,,1561,,,0,,,1,
361,202,4,2,14892,15362,15363,0,0,,,,,0,,,0,,,0,
404,202,5,0,14898,15349,15354,15355,15356,,,,,0,,,0,,,0,
1755,202,5,2,33841,33842,33843,33844,33845,,,,,0,,,0,,,0,
1561,202,4,1,20711,0,0,0,0,,,,,0,,,0,,,1,
466,203,0,0,15318,15272,15320,0,0,,,,,0,,,0,,,0,
482,203,0,1,15275,15317,0,0,0,,,,,0,,,0,,,0,
464,203,0,2,15268,15323,15324,15325,15326,,,,,0,,,0,,,0,
465,203,1,0,15270,15335,0,0,0,,,,,0,,,0,,,0,
481,203,1,1,15273,15312,15313,15314,15316,,,,,0,,,0,,,0,
463,203,1,2,15260,15327,0,0,0,,,,,0,,,0,,,0,
542,203,2,0,15392,15448,0,0,0,,,,,0,,,0,,,0,
501,203,2,1,15407,0,0,0,0,,,,,0,,,0,,,1,
881,203,2,3,33850,0,0,0,0,,,,,464,,,4,,,1,
483,203,6,1,35781,0,0,0,0,,,,,1759,,,4,,,1,
541,203,3,0,33851,33852,0,0,0,,,,,542,,,1,,,0,
1756,203,2,2,33853,33854,33855,0,0,,,,,501,,,0,,,0,
462,203,3,2,15259,15307,15308,15309,15310,,,,,0,,,0,,,0,
1757,203,4,3,33856,33857,33858,0,0,,,,,0,,,0,,,0,
484,203,4,1,15286,0,0,0,0,,,,,0,,,0,,,1,
1758,203,3,1,33861,33862,33863,35779,35780,,,,,0,,,0,,,0,
1759,203,5,1,33864,33865,33866,33867,33868,,,,,0,,,0,,,0,
1638,203,4,0,27839,27840,0,0,0,,,,,484,,,0,,,0,
461,203,5,2,15257,15331,15332,15333,15334,,,,,462,,,4,,,0,
521,203,6,2,15473,0,0,0,0,,,,,0,,,0,,,1,
1641,261,0,0,28999,29000,0,0,0,,,,,0,,,0,,,0,
1640,261,0,1,28996,28997,28998,0,0,,,,,0,,,0,,,0,
563,261,0,2,16035,16105,16106,16107,16108,,,,,0,,,0,,,0,
572,261,1,0,16043,16130,0,0,0,,,,,0,,,0,,,0,
564,261,1,1,16039,16109,16110,0,0,,,,,0,,,0,,,0,
561,261,1,2,16038,16160,16161,0,0,,,,,0,,,0,,,0,
574,261,2,1,33591,33592,33593,33594,33595,,,,,0,,,0,,,0,
1718,261,2,0,33596,0,0,0,0,,,,,572,,,1,,,1,
575,261,1,3,16040,16113,16114,16115,16116,,,,,0,,,0,,,0,
562,261,2,2,16041,16117,0,0,0,,,,,0,,,0,,,0,
1642,261,2,3,33597,33598,33599,0,0,,,,,0,,,0,,,0,
565,261,3,1,33600,33601,33602,33603,33604,,,,,0,,,0,,,0,
1645,261,3,3,30160,29179,29180,0,0,,,,,0,,,0,,,0,
567,261,4,0,16086,16544,0,0,0,,,,,0,,,0,,,0,
573,261,4,1,16166,0,0,0,0,,,,,565,,,4,,,1,
721,261,4,2,16578,16579,16580,16581,16582,,,,,562,,,1,,,0,
1720,261,5,0,33611,33612,0,0,0,,,,,0,,,0,,,0,
1780,261,5,2,34281,34282,34283,34284,34285,,,,,721,,,4,,,1,
1719,261,5,3,33605,33606,33607,33608,33609,,,,,0,,,0,,,0,
1721,261,6,1,33616,0,0,0,0,,,,,573,,,0,,,1,
583,262,0,0,16180,16196,16198,0,0,,,,,0,,,0,,,0,
594,262,0,1,16194,16218,16219,16220,16221,,,,,0,,,0,,,0,
582,262,1,2,33655,33656,0,0,0,,,,,0,,,0,,,0,
586,262,1,0,16182,16226,16227,16228,16229,,,,,0,,,0,,,0,
595,262,2,2,16173,16222,0,0,0,,,,,0,,,0,,,0,
1646,262,1,3,29187,29189,29191,0,0,,,,,0,,,0,,,0,
1723,262,2,0,33661,33662,33663,0,0,,,,,0,,,0,,,0,
1722,262,2,1,33660,0,0,0,0,,,,,594,,,4,,,1,
589,262,0,2,16184,16209,0,0,0,,,,,0,,,0,,,0,
587,262,2,3,16181,16230,16232,16233,16234,,,,,0,,,0,,,0,
1725,262,3,0,33675,33676,33677,33678,33679,,,,,0,,,0,,,0,
593,262,3,1,16179,16214,16215,16216,16217,,,,,0,,,0,,,0,
588,262,3,2,16187,16205,0,0,0,,,,,0,,,0,,,0,
581,262,4,0,16176,16235,16240,0,0,,,,,0,,,0,,,0,
592,262,4,1,16178,16210,16211,16212,16213,,,,,0,,,0,,,0,
591,262,4,2,16188,0,0,0,0,,,,,0,,,0,,,1,
1724,262,4,3,33670,33671,33672,0,0,,,,,587,,,4,,,0,
1648,262,5,0,29206,29205,29202,34287,34288,,,,,0,,,0,,,0,
1726,262,5,2,33680,33681,33682,33683,33684,,,,,0,,,0,,,0,
590,262,6,1,33686,0,0,0,0,,,,,592,,,4,,,1,
611,263,0,0,16266,29079,29080,0,0,,,,,0,,,0,,,0,
614,263,0,2,17485,17486,17487,17488,0,,,,,0,,,0,,,0,
612,263,6,1,35752,0,0,0,0,,,,,0,,,0,,,0,
609,263,1,0,16258,16293,0,0,0,,,,,0,,,0,,,0,
613,263,1,1,16255,16302,16303,16304,16305,,,,,0,,,0,,,0,
615,263,0,3,16252,16306,16307,0,0,,,,,0,,,0,,,0,
903,263,2,0,33624,33625,33626,0,0,,,,,609,,,1,,,0,
602,263,2,1,16256,16281,16282,16283,16284,,,,,613,,,4,,,0,
617,263,0,1,34599,0,0,0,0,,,,,614,,,3,,,1,
1643,263,3,2,29082,29084,29086,29087,29088,,,,,0,,,0,,,0,
1647,263,4,0,29192,29193,0,0,0,,,,,610,,,1,,,0,
616,263,3,1,33631,33632,33633,33634,33635,,,,,0,,,0,,,0,
605,263,2,3,16262,16287,0,0,0,,,,,0,,,0,,,0,
607,263,1,3,16261,16290,0,0,0,,,,,0,,,0,,,0,
610,263,3,0,16259,16295,0,0,0,,,,,0,,,0,,,0,
902,263,4,1,33630,0,0,0,0,,,,,0,,,0,,,1,
601,263,4,2,16254,16271,16272,0,0,,,,,0,,,0,,,0,
904,263,5,1,33636,33637,33638,33639,33640,,,,,0,,,0,,,0,
905,263,5,2,33642,33643,33644,33645,33646,,,,,0,,,0,,,0,
901,263,2,2,33648,0,0,0,0,,,,,614,,,3,,,1,
796,281,0,0,16934,16935,16936,16937,16938,,,,,0,,,0,,,0,
795,281,0,1,16858,16859,0,0,0,,,,,0,,,0,,,0,
794,281,0,2,16929,16930,16931,0,0,,,,,0,,,0,,,0,
1739,281,1,0,33761,33762,33763,0,0,,,,,0,,,0,,,0,
797,281,1,1,16940,16941,0,0,0,,,,,0,,,0,,,0,
798,281,1,2,16942,16943,16944,0,0,,,,,0,,,0,,,0,
801,281,1,3,16958,16961,0,0,0,,,,,798,,,2,,,0,
807,281,2,0,17002,24866,0,0,0,,,,,0,,,0,,,0,
804,281,2,1,16979,0,0,0,0,,,,,0,,,0,,,1,
800,281,2,2,16952,16954,0,0,0,,,,,798,,,2,,,0,
1740,281,2,3,33758,0,0,0,0,,,,,0,,,0,,,1,
799,281,3,0,16947,16948,16949,0,0,,,,,0,,,0,,,0,
802,281,3,1,16966,16968,0,0,0,,,,,0,,,0,,,0,
808,281,3,2,17003,17004,17005,17006,24894,,,,,0,,,0,,,0,
805,281,4,0,16998,16999,0,0,0,,,,,0,,,0,,,0,
803,281,4,1,16972,16974,16975,0,0,,,,,0,,,0,,,0,
1162,281,4,2,33764,0,0,0,0,,,,,808,,,4,,,1,
1742,281,5,1,33782,33783,33784,33785,33786,,,,,0,,,0,,,0,
1741,281,5,2,33772,33773,33774,33775,33776,,,,,0,,,0,,,0,
809,281,6,1,17007,0,0,0,0,,,,,0,,,0,,,1,
1743,282,0,0,33787,33788,33789,0,0,,,,,0,,,0,,,0,
823,282,0,1,17063,17065,17066,17067,17068,,,,,0,,,0,,,0,
822,282,0,2,17056,17058,0,0,0,,,,,0,,,0,,,0,
1744,282,0,3,16833,16834,16835,0,0,,,,,0,,,0,,,0,
824,282,1,0,17069,17070,17071,17072,17073,,,,,0,,,0,,,0,
841,282,1,1,17118,17119,17120,0,0,,,,,0,,,0,,,0,
826,282,1,2,17079,17082,0,0,0,,,,,0,,,0,,,0,
831,282,2,0,17116,0,0,0,0,,,,,824,,,4,,,1,
827,282,2,1,16864,0,0,0,0,,,,,0,,,0,,,1,
829,282,3,3,17106,17107,17108,0,0,,,,,0,,,0,,,0,
821,282,2,3,17050,17051,17053,0,0,,,,,0,,,0,,,0,
828,282,3,1,17104,24943,24944,24945,24946,,,,,0,,,0,,,0,
830,282,3,2,17111,17112,17113,0,0,,,,,0,,,0,,,0,
842,282,2,2,33996,33997,33998,0,0,,,,,0,,,0,,,0,
843,282,4,0,24968,24969,24970,24971,24972,,,,,0,,,0,,,0,
844,282,4,1,18562,0,0,0,0,,,,,0,,,0,,,1,
1745,282,4,3,33790,33791,33792,0,0,,,,,0,,,0,,,0,
1746,282,5,0,33795,33796,33797,33798,33799,,,,,0,,,0,,,0,
825,282,5,2,17074,17075,17076,17077,17078,,,,,830,,,2,,,0,
1782,282,6,1,35723,0,0,0,0,,,,,844,,,0,,,1,
762,283,0,0,16814,16815,16816,16817,16818,,,,,0,,,0,,,0,
761,283,0,1,16918,16919,16920,0,0,,,,,0,,,0,,,0,
763,283,0,2,33769,33770,0,0,0,,,,,0,,,0,,,0,
787,283,2,0,16836,16839,0,0,0,,,,,0,,,0,,,0,
791,283,1,1,16902,16903,16904,16905,16906,,,,,0,,,0,,,0,
921,283,1,2,34197,34198,34199,0,0,,,,,0,,,0,,,0,
782,283,3,0,33766,33767,33768,0,0,,,,,0,,,0,,,0,
788,283,2,2,16914,0,0,0,0,,,,,0,,,0,,,1,
784,283,2,3,16850,16923,16924,16925,16926,,,,,0,,,0,,,0,
1736,283,1,0,16819,16820,0,0,0,,,,,0,,,0,,,0,
792,283,3,1,16909,16910,16911,16912,16913,,,,,791,,,4,,,0,
781,283,3,2,33736,33737,0,0,0,,,,,0,,,0,,,0,
764,283,4,0,33738,33739,33740,0,0,,,,,0,,,0,,,0,
793,283,4,1,24858,0,0,0,0,,,,,0,,,0,,,1,
789,283,4,2,16880,0,0,0,0,,,,,0,,,0,,,0,
783,283,4,3,16845,16846,16847,0,0,,,,,0,,,0,,,0,
790,283,5,0,16896,16897,16899,16900,16901,,,,,0,,,0,,,0,
1738,283,5,2,33741,33742,33743,33744,33745,,,,,789,,,0,,,0,
1737,283,6,1,34196,0,0,0,0,,,,,793,,,0,,,1,
964,301,0,0,17917,17918,0,0,0,,,,,0,,,0,,,0,
943,301,0,1,17788,17789,17790,17791,17792,,,,,0,,,0,,,0,
982,301,0,2,18119,18120,18121,0,0,,,,,0,,,0,,,0,
941,301,1,3,17778,17779,17780,0,0,,,,,0,,,0,,,0,
981,301,1,1,18130,18131,18132,18133,18134,,,,,0,,,0,,,0,
983,301,1,2,18126,18127,0,0,0,,,,,0,,,0,,,0,
985,301,1,0,18135,18136,0,0,0,,,,,0,,,0,,,0,
967,301,2,1,33964,33965,33966,33967,33968,,,,,981,,,4,,,0,
984,301,2,2,33969,33970,0,0,0,,,,,983,,,1,,,0,
963,301,2,3,17877,0,0,0,0,,,,,0,,,0,,,1,
961,301,6,1,17815,0,0,0,0,,,,,968,,,0,,,0,
965,301,4,2,17927,17929,17930,0,0,,,,,1774,,,4,,,0,
944,301,3,1,17793,17796,17801,17802,17803,,,,,0,,,0,,,0,
986,301,4,0,18096,18073,0,0,0,,,,,985,,,1,,,0,
968,301,4,1,35737,0,0,0,0,,,,,0,,,0,,,1,
1774,301,3,2,33972,33973,33974,33975,33976,,,,,0,,,0,,,0,
1777,301,4,3,34020,0,0,0,0,,,,,0,,,0,,,1,
1775,301,5,0,33978,33979,33980,33981,33982,,,,,0,,,0,,,0,
966,301,5,2,17954,17955,17956,17957,17958,,,,,0,,,0,,,0,
1776,301,6,2,33983,0,0,0,0,,,,,0,,,0,,,1,
1001,302,0,0,17783,17784,17785,17786,17787,,,,,0,,,0,,,0,
1007,302,0,1,18182,18183,0,0,0,,,,,0,,,0,,,0,
1082,302,0,2,18310,18311,18312,0,0,,,,,0,,,0,,,0,
1121,302,1,0,17864,18393,0,0,0,,,,,0,,,0,,,0,
1005,302,1,1,18174,18175,0,0,0,,,,,0,,,0,,,0,
1284,302,1,2,18827,18829,18830,0,0,,,,,0,,,0,,,0,
1783,302,1,3,35732,35733,35734,35735,35736,,,,,0,,,0,,,0,
1006,302,2,1,33928,33929,33930,0,0,,,,,0,,,0,,,0,
1061,302,2,2,18288,0,0,0,0,,,,,1284,,,2,,,1,
1003,302,2,3,17810,17811,17812,17813,17814,,,,,0,,,0,,,0,
1101,302,3,0,18213,18372,0,0,0,,,,,0,,,0,,,0,
1002,302,3,1,18094,18095,34313,0,0,,,,,0,,,0,,,0,
1021,302,3,2,33931,33932,34006,0,0,,,,,1061,,,0,,,0,
1041,302,4,0,18265,0,0,0,0,,,,,0,,,0,,,1,
1004,302,4,2,34410,34412,0,0,0,,,,,0,,,0,,,0,
1081,302,4,3,33926,0,0,0,0,,,,,1003,,,4,,,1,
1042,302,5,0,18271,18272,18273,18274,18275,,,,,1041,,,0,,,0,
1770,302,5,1,33933,33934,33935,33936,33937,,,,,1002,,,2,,,0,
1771,302,5,2,33938,33939,34409,0,0,,,,,0,,,0,,,0,
1022,302,6,1,34305,0,0,0,0,,,,,0,,,0,,,1,
1222,303,0,0,18694,18695,0,0,0,,,,,0,,,0,,,0,
1221,303,0,1,18692,18693,0,0,0,,,,,0,,,0,,,0,
1223,303,1,2,18697,18698,18699,18700,18701,,,,,0,,,0,,,0,
1225,303,1,0,18705,18706,0,0,0,,,,,0,,,0,,,0,
1261,303,1,1,18767,18768,0,0,0,,,,,0,,,0,,,0,
1262,303,0,2,18769,18770,18771,18772,18773,,,,,0,,,0,,,0,
1224,303,0,3,18703,18704,0,0,0,,,,,0,,,0,,,0,
1243,303,2,0,18754,18755,0,0,0,,,,,0,,,0,,,0,
1226,303,2,1,18708,0,0,0,0,,,,,0,,,0,,,1,
1263,303,2,2,33942,33943,33944,33945,33946,,,,,0,,,0,,,0,
1772,303,1,3,33947,33948,0,0,0,,,,,0,,,0,,,0,
1242,303,3,0,18731,18743,18744,18745,18746,,,,,0,,,0,,,0,
1227,303,3,1,18709,18710,0,0,0,,,,,1226,,,0,,,0,
1241,303,3,3,18748,18749,18750,18751,18752,,,,,0,,,0,,,0,
1781,303,4,0,34290,34291,0,0,0,,,,,0,,,0,,,0,
1282,303,4,1,19028,0,0,0,0,,,,,0,,,0,,,1,
1283,303,4,3,18821,18822,0,0,0,,,,,0,,,0,,,0,
1244,303,5,0,23785,23822,23823,23824,23825,,,,,0,,,0,,,0,
1773,303,5,2,33952,33953,33954,33955,33956,,,,,1263,,,4,,,0,
1281,303,6,1,18788,0,0,0,0,,,,,1282,,,0,,,1,
1381,361,0,0,19549,19550,19551,0,0,,,,,0,,,0,,,0,
1382,361,0,1,19552,19553,19554,19555,19556,,,,,0,,,0,,,0,
1389,361,0,2,19583,19584,0,0,0,,,,,0,,,0,,,0,
1395,361,1,0,19609,19610,19612,0,0,,,,,0,,,0,,,0,
1385,361,1,1,19572,19573,0,0,0,,,,,0,,,0,,,0,
1384,361,1,2,19559,19560,0,0,0,,,,,0,,,0,,,0,
1625,361,1,3,24443,19575,0,0,0,,,,,0,,,0,,,0,
1387,361,2,1,19577,0,0,0,0,,,,,0,,,0,,,1,
1396,361,2,2,19616,19617,19618,19619,19620,,,,,0,,,0,,,0,
1624,361,2,3,19596,33495,33496,0,0,,,,,0,,,0,,,0,
1709,361,3,0,33507,33508,33509,0,0,,,,,1395,,,2,,,0,
1390,361,3,1,19590,19592,0,0,0,,,,,0,,,0,,,0,
1393,361,3,2,19598,19599,19600,19601,19602,,,,,0,,,0,,,0,
1710,361,4,0,33513,33514,0,0,0,,,,,0,,,0,,,0,
1386,361,4,1,19574,0,0,0,0,,,,,0,,,0,,,1,
1708,361,4,3,33497,33498,33499,33500,33501,,,,,0,,,0,,,0,
1711,361,5,0,34180,34181,34182,34208,34209,,,,,1710,,,1,,,1,
1397,361,5,2,19621,19622,19623,19624,19625,,,,,1393,,,4,,,0,
1391,361,6,1,33524,0,0,0,0,,,,,1386,,,0,,,1,
1388,361,6,2,33526,0,0,0,0,,,,,0,,,0,,,1,
1311,362,0,0,19295,19297,19298,19301,0,,,,,0,,,0,,,0,
1308,362,0,1,19263,0,0,0,0,,,,,1311,,,3,,,1,
1301,362,0,2,33563,33564,33565,33566,33567,,,,,0,,,0,,,0,
1306,362,1,0,19239,19245,0,0,0,,,,,0,,,0,,,0,
1622,362,1,1,19255,19256,19257,19258,19259,,,,,0,,,0,,,0,
1305,362,1,2,19228,19232,19233,0,0,,,,,0,,,0,,,0,
1621,362,1,3,24269,24270,24271,24272,24273,,,,,0,,,0,,,0,
1304,362,2,0,33578,33579,33580,34212,0,,,,,1323,,,0,,,0,
1323,362,2,1,33577,0,0,0,0,,,,,0,,,0,,,0,
1309,362,2,2,33581,33582,33583,34213,0,,,,,1323,,,0,,,0,
1310,362,3,2,34014,34015,34016,34017,34018,,,,,0,,,0,,,0,
1322,362,3,0,19184,19387,0,0,0,,,,,0,,,0,,,0,
1321,362,2,3,19370,19371,19373,35775,35776,,,,,0,,,0,,,0,
1312,362,3,3,33568,33569,33570,0,0,,,,,0,,,0,,,0,
1326,362,4,0,33572,33573,33574,0,0,,,,,0,,,0,,,0,
1325,362,4,1,33590,0,0,0,0,,,,,1323,,,0,,,1,
1313,362,4,2,19386,0,0,0,0,,,,,0,,,0,,,1,
1327,362,5,1,33584,33585,33586,33587,33588,,,,,0,,,0,,,0,
1303,362,5,2,19168,19180,19181,24296,24297,,,,,0,,,0,,,0,
1324,362,6,1,34216,0,0,0,0,,,,,0,,,0,,,1,
1343,363,0,0,19421,19422,0,0,0,,,,,0,,,0,,,0,
1351,363,0,1,19491,19493,19494,0,0,,,,,0,,,0,,,0,
1342,363,0,2,19416,19417,19418,19419,19420,,,,,0,,,0,,,0,
1712,363,1,0,33529,33530,0,0,0,,,,,1343,,,1,,,0,
1346,363,1,1,19454,19455,19456,0,0,,,,,0,,,0,,,0,
1344,363,1,2,19426,19427,19429,19430,19431,,,,,0,,,0,,,0,
1345,363,2,1,19434,0,0,0,0,,,,,0,,,0,,,1,
1341,363,1,3,19407,19412,19413,0,0,,,,,0,,,0,,,0,
1349,363,2,2,19485,19487,19488,0,0,,,,,1344,,,4,,,0,
1352,363,2,3,19498,0,0,0,0,,,,,0,,,0,,,0,
1713,363,2,0,35824,35825,35826,0,0,,,,,0,,,0,,,0,
1714,363,3,2,35811,35812,35813,35814,35815,,,,,0,,,0,,,0,
1715,363,4,0,35820,35821,0,0,0,,,,,0,,,0,,,0,
1716,363,3,1,33551,33552,33553,33554,33555,,,,,1345,,,0,,,0,
1347,363,4,2,19461,19462,24691,0,0,,,,,0,,,0,,,0,
1353,363,4,3,19503,0,0,0,0,,,,,0,,,0,,,1,
1348,363,4,1,33992,0,0,0,0,,,,,0,,,0,,,1,
1717,363,5,0,33556,33557,33558,33559,33560,,,,,0,,,0,,,0,
1362,363,5,2,19507,19508,19509,19510,19511,,,,,0,,,0,,,0,
1361,363,6,1,19506,0,0,0,0,,,,,1348,,,0,,,1,
1631,381,0,0,25956,25957,33991,0,0,,,,,0,,,0,,,0,
1411,381,0,1,20117,20118,20119,20120,20121,,,,,0,,,0,,,0,
1464,381,0,2,20335,20336,20337,0,0,,,,,0,,,0,,,0,
1403,381,1,0,20060,20061,20062,0,0,,,,,0,,,0,,,0,
1405,381,3,0,20091,20092,0,0,0,,,,,0,,,0,,,0,
1483,381,2,0,33469,33470,33471,0,0,,,,,1403,,,2,,,0,
1484,381,2,1,33477,33478,33479,33480,33481,,,,,1411,,,4,,,0,
1481,381,2,2,20375,0,0,0,0,,,,,0,,,0,,,1,
1634,381,1,2,26022,26023,0,0,0,,,,,0,,,0,,,0,
1632,381,2,3,9799,25988,0,0,0,,,,,0,,,0,,,0,
1407,381,3,1,20101,20102,20103,0,0,,,,,0,,,0,,,0,
1401,381,1,3,20042,20045,0,0,0,,,,,0,,,0,,,0,
1410,381,3,2,20111,20112,20113,36339,36340,,,,,0,,,0,,,0,
1409,381,4,1,20218,0,0,0,0,,,,,0,,,0,,,1,
1402,381,4,2,20049,20056,20057,20058,20059,,,,,0,,,0,,,0,
1633,381,4,3,20066,0,0,0,0,,,,,0,,,0,,,1,
1404,381,5,1,33472,33473,33474,33475,33476,,,,,0,,,0,,,0,
1406,381,4,0,33489,33490,0,0,0,,,,,1409,,,0,,,0,
1485,381,5,2,33482,33483,33484,33485,33486,,,,,0,,,0,,,0,
1441,381,6,1,33448,0,0,0,0,,,,,0,,,0,,,1,
1463,382,0,0,20224,20225,20330,0,0,,,,,0,,,0,,,0,
1450,382,0,1,20262,20263,20264,20265,20266,,,,,0,,,0,,,0,
1449,382,0,2,20257,20258,20259,20260,20261,,,,,0,,,0,,,0,
1443,382,0,3,20234,20235,0,0,0,,,,,0,,,0,,,0,
1434,382,1,0,33440,33441,0,0,0,,,,,0,,,0,,,0,
1505,382,2,0,34830,34831,34832,0,0,,,,,0,,,0,,,0,
1627,382,1,2,5923,5924,5925,5926,25829,,,,,0,,,0,,,0,
1503,382,1,3,33442,33443,33444,0,0,,,,,0,,,0,,,0,
1432,382,1,1,20205,20206,20207,0,0,,,,,0,,,0,,,0,
1435,382,2,1,33461,0,0,0,0,,,,,0,,,0,,,1,
1446,382,3,0,20244,20245,0,0,0,,,,,0,,,0,,,0,
1504,382,4,1,33445,33446,33447,0,0,,,,,0,,,0,,,0,
1461,382,3,2,20210,20212,20213,20214,20215,,,,,1627,,,4,,,0,
1628,382,3,3,9453,25836,34278,0,0,,,,,0,,,0,,,0,
1444,382,4,0,20237,20238,20239,35738,35739,,,,,0,,,0,,,0,
1502,382,4,2,20473,0,0,0,0,,,,,0,,,0,,,1,
1465,382,3,1,20359,20360,20361,0,0,,,,,0,,,0,,,0,
1506,382,5,0,33451,33452,33453,33454,33455,,,,,0,,,0,,,0,
1507,382,5,2,33456,33457,33458,33459,33460,,,,,0,,,0,,,0,
1433,382,6,1,35748,0,0,0,0,,,,,1504,,,2,,,1,
1521,383,0,0,20487,20488,20489,0,0,,,,,0,,,0,,,0,
1423,383,0,1,20143,20144,20145,20146,20147,,,,,0,,,0,,,0,
1424,383,0,2,20148,20149,0,0,0,,,,,0,,,0,,,0,
1704,383,1,0,9452,26016,26021,0,0,,,,,0,,,0,,,0,
1422,383,3,0,20138,20139,0,0,0,,,,,0,,,0,,,0,
1421,383,1,2,20127,20130,20135,0,0,,,,,1424,,,1,,,0,
1630,383,1,3,20189,20192,20193,34720,34721,,,,,0,,,0,,,0,
1442,383,2,0,34369,0,0,0,0,,,,,1704,,,2,,,0,
1431,383,2,3,20423,0,0,0,0,,,,,0,,,0,,,1,
1626,383,2,2,20254,20255,20256,0,0,,,,,0,,,0,,,0,
1778,383,2,1,34032,34033,34034,34035,34036,,,,,0,,,0,,,0,
1425,383,1,1,20174,20175,0,0,0,,,,,0,,,0,,,0,
1429,383,3,2,20196,20197,20198,20199,20200,,,,,0,,,0,,,0,
1629,383,3,1,20096,20097,20098,0,0,,,,,0,,,0,,,0,
1706,383,4,0,498,0,0,0,0,,,,,0,,,0,,,1,
1430,383,4,1,20925,0,0,0,0,,,,,0,,,0,,,1,
1501,383,4,3,20468,20469,20470,0,0,,,,,1431,,,0,,,0,
1705,383,5,1,33462,33463,33464,33465,33466,,,,,0,,,0,,,0,
1426,383,5,2,20177,20179,20181,20180,20182,,,,,1429,,,4,,,0,
1707,383,6,1,35741,0,0,0,0,,,,,0,,,0,,,1,
